load_id,table_name,load_label,business_date,rows_in_file
65b7e08d-abb6-4d5b-be9b-5dc12dca589e,orders,orders/day_01,2025-06-01,5000
6ebde4f8-4498-4e16-8341-445f58a23289,orders,orders/day_02,2025-06-02,5000
0c549564-0320-4e7e-9618-05a4b93654a9,orders,orders/day_03,2025-06-03,5000
c1c8b916-1879-4b00-9507-52c49338d0c4,orders,orders/day_04,2025-06-04,5000
3400d3a8-6a89-4402-b42d-59e432c7efff,orders,orders/day_05,2025-06-05,5000
5f7966ad-9c01-4dc2-b9f4-1222a405e0db,orders,orders/day_06,2025-06-06,5000
d4d18668-103b-4366-8f27-4b8a9584d213,orders,orders/day_07,2025-06-07,5000
4c94f7bc-3fd4-44dd-8c38-18ad419a19c4,orders,orders/day_08,2025-06-08,5000
d4c6e836-680f-49dd-b283-df1690653a1b,orders,orders/day_09,2025-06-09,5000
720d583a-828e-4c15-b18b-0a8b5b92c599,orders,orders/day_10,2025-06-10,5000
4314abc0-cdf9-4ce4-b881-96ec271dcbe7,orders,orders/day_11,2025-06-11,5000
97dbaaa1-0a28-4043-9c4a-10c9c4f87c50,orders,orders/day_12,2025-06-12,5000
eef8291e-cde7-4430-80f7-cedfb1c9ae5b,orders,orders/day_13,2025-06-13,5000
9bff2e2c-1aca-4240-8c3f-09833b021f58,orders,orders/day_14,2025-06-14,5000
253dde3d-f275-4b56-ba7f-16abaa86d261,orders,orders/day_15,2025-06-15,0
1b1abf1a-0b53-497b-ae70-c8b50e7f78f7,orders,orders/day_16,2025-06-16,5000
16c2e092-dc02-4578-8966-5ff2d570d1e5,customers,customers/cust_day_01,2025-06-01,300
7a07de69-a5a6-4a24-b8a3-fd35d638a571,customers,customers/cust_day_02,2025-06-02,300
e0001480-2b6f-4f3a-90be-6333b4e9df83,customers,customers/cust_day_03,2025-06-03,300
bb58ec69-9195-4495-9888-5ea92e503d6a,customers,customers/cust_day_04,2025-06-04,300
eef202d7-fadb-49ae-a8a6-2c294cfd8793,customers,customers/cust_day_05,2025-06-05,300
fc77c386-b134-428f-86f7-b28a6c8b58eb,customers,customers/cust_day_06,2025-06-06,300
71f32040-b6bd-4c18-8c3e-292777298317,customers,customers/cust_day_07,2025-06-07,300
f97370d5-633d-46ce-915d-a1b9c0fdfcc9,customers,customers/cust_day_08,2025-06-08,300
774249d4-af3a-4f1c-879b-69d4da1e6c66,customers,customers/cust_day_09,2025-06-09,300
9be6f323-4b8b-4c17-a7dd-5224490d628a,customers,customers/cust_day_10,2025-06-10,300
