table_name,load_id,rule_id,rule_name,rule_scope,rows_checked,rows_failed,fail_rate,rule_status
orders,65b7e08d-abb6-4d5b-be9b-5dc12dca589e,R1,null_key,row,5000,0,0.0,pass
orders,6ebde4f8-4498-4e16-8341-445f58a23289,R2,duplicate_order_id,row,5000,0,0.0,pass
orders,0c549564-0320-4e7e-9618-05a4b93654a9,R3,quantity_not_numeric,row,5000,0,0.0,pass
orders,c1c8b916-1879-4b00-9507-52c49338d0c4,R4,unknown_customer,row,5000,0,0.0,pass
orders,3400d3a8-6a89-4402-b42d-59e432c7efff,R5,order_ts_out_of_range,row,5000,0,0.0,pass
orders,5f7966ad-9c01-4dc2-b9f4-1222a405e0db,R1,null_key,row,5000,0,0.0,pass
orders,d4d18668-103b-4366-8f27-4b8a9584d213,R2,duplicate_order_id,row,5000,0,0.0,pass
orders,4c94f7bc-3fd4-44dd-8c38-18ad419a19c4,R3,quantity_not_numeric,row,5000,0,0.0,pass
orders,d4c6e836-680f-49dd-b283-df1690653a1b,R4,unknown_customer,row,5000,0,0.0,pass
orders,720d583a-828e-4c15-b18b-0a8b5b92c599,R5,order_ts_out_of_range,row,5000,0,0.0,pass
orders,4314abc0-cdf9-4ce4-b881-96ec271dcbe7,R1,null_key,row,5000,0,0.0,pass
orders,97dbaaa1-0a28-4043-9c4a-10c9c4f87c50,R2,duplicate_order_id,row,5000,0,0.0,pass
orders,eef8291e-cde7-4430-80f7-cedfb1c9ae5b,R3,quantity_not_numeric,row,5000,0,0.0,pass
orders,9bff2e2c-1aca-4240-8c3f-09833b021f58,R4,unknown_customer,row,5000,0,0.0,pass
orders,253dde3d-f275-4b56-ba7f-16abaa86d261,R5,order_ts_out_of_range,row,0,0,,pass
orders,1b1abf1a-0b53-497b-ae70-c8b50e7f78f7,R1,null_key,row,5000,0,0.0,pass
orders,65b7e08d-abb6-4d5b-be9b-5dc12dca589e,R2,duplicate_order_id,row,5000,0,0.0,pass
orders,6ebde4f8-4498-4e16-8341-445f58a23289,R3,quantity_not_numeric,row,5000,0,0.0,pass
orders,0c549564-0320-4e7e-9618-05a4b93654a9,R4,unknown_customer,row,5000,0,0.0,pass
orders,c1c8b916-1879-4b00-9507-52c49338d0c4,R5,order_ts_out_of_range,row,5000,0,0.0,pass
orders,3400d3a8-6a89-4402-b42d-59e432c7efff,R1,null_key,row,5000,0,0.0,pass
orders,5f7966ad-9c01-4dc2-b9f4-1222a405e0db,R2,duplicate_order_id,row,5000,0,0.0,pass
orders,d4d18668-103b-4366-8f27-4b8a9584d213,R3,quantity_not_numeric,row,5000,0,0.0,pass
orders,4c94f7bc-3fd4-44dd-8c38-18ad419a19c4,R4,unknown_customer,row,5000,0,0.0,pass
orders,d4c6e836-680f-49dd-b283-df1690653a1b,R5,order_ts_out_of_range,row,5000,0,0.0,pass
orders,720d583a-828e-4c15-b18b-0a8b5b92c599,R1,null_key,row,5000,0,0.0,pass
orders,4314abc0-cdf9-4ce4-b881-96ec271dcbe7,R2,duplicate_order_id,row,5000,0,0.0,pass
orders,97dbaaa1-0a28-4043-9c4a-10c9c4f87c50,R3,quantity_not_numeric,row,5000,40,0.008,fail
orders,eef8291e-cde7-4430-80f7-cedfb1c9ae5b,R4,unknown_customer,row,5000,0,0.0,pass
orders,9bff2e2c-1aca-4240-8c3f-09833b021f58,R5,order_ts_out_of_range,row,5000,0,0.0,pass
orders,253dde3d-f275-4b56-ba7f-16abaa86d261,R1,null_key,row,0,0,,pass
orders,1b1abf1a-0b53-497b-ae70-c8b50e7f78f7,R2,duplicate_order_id,row,5000,0,0.0,pass
orders,65b7e08d-abb6-4d5b-be9b-5dc12dca589e,R3,quantity_not_numeric,row,5000,0,0.0,pass
orders,6ebde4f8-4498-4e16-8341-445f58a23289,R4,unknown_customer,row,5000,0,0.0,pass
orders,0c549564-0320-4e7e-9618-05a4b93654a9,R5,order_ts_out_of_range,row,5000,0,0.0,pass
orders,c1c8b916-1879-4b00-9507-52c49338d0c4,R1,null_key,row,5000,0,0.0,pass
orders,3400d3a8-6a89-4402-b42d-59e432c7efff,R2,duplicate_order_id,row,5000,0,0.0,pass
orders,5f7966ad-9c01-4dc2-b9f4-1222a405e0db,R3,quantity_not_numeric,row,5000,0,0.0,pass
orders,d4d18668-103b-4366-8f27-4b8a9584d213,R4,unknown_customer,row,5000,0,0.0,pass
orders,4c94f7bc-3fd4-44dd-8c38-18ad419a19c4,R5,order_ts_out_of_range,row,5000,0,0.0,pass
orders,d4c6e836-680f-49dd-b283-df1690653a1b,R1,null_key,row,5000,0,0.0,pass
orders,720d583a-828e-4c15-b18b-0a8b5b92c599,R2,duplicate_order_id,row,5000,0,0.0,pass
orders,4314abc0-cdf9-4ce4-b881-96ec271dcbe7,R3,quantity_not_numeric,row,5000,0,0.0,pass
orders,97dbaaa1-0a28-4043-9c4a-10c9c4f87c50,R4,unknown_customer,row,5000,0,0.0,pass
orders,eef8291e-cde7-4430-80f7-cedfb1c9ae5b,R5,order_ts_out_of_range,row,5000,0,0.0,pass
orders,9bff2e2c-1aca-4240-8c3f-09833b021f58,R1,null_key,row,5000,0,0.0,pass
orders,253dde3d-f275-4b56-ba7f-16abaa86d261,R2,duplicate_order_id,row,0,0,,pass
orders,1b1abf1a-0b53-497b-ae70-c8b50e7f78f7,R3,quantity_not_numeric,row,5000,0,0.0,pass
orders,65b7e08d-abb6-4d5b-be9b-5dc12dca589e,R4,unknown_customer,row,5000,0,0.0,pass
orders,6ebde4f8-4498-4e16-8341-445f58a23289,R5,order_ts_out_of_range,row,5000,0,0.0,pass
orders,0c549564-0320-4e7e-9618-05a4b93654a9,R1,null_key,row,5000,0,0.0,pass
orders,c1c8b916-1879-4b00-9507-52c49338d0c4,R2,duplicate_order_id,row,5000,0,0.0,pass
orders,3400d3a8-6a89-4402-b42d-59e432c7efff,R3,quantity_not_numeric,row,5000,0,0.0,pass
orders,5f7966ad-9c01-4dc2-b9f4-1222a405e0db,R4,unknown_customer,row,5000,0,0.0,pass
orders,d4d18668-103b-4366-8f27-4b8a9584d213,R5,order_ts_out_of_range,row,5000,0,0.0,pass
orders,4c94f7bc-3fd4-44dd-8c38-18ad419a19c4,R1,null_key,row,5000,0,0.0,pass
orders,d4c6e836-680f-49dd-b283-df1690653a1b,R2,duplicate_order_id,row,5000,0,0.0,pass
orders,720d583a-828e-4c15-b18b-0a8b5b92c599,R3,quantity_not_numeric,row,5000,0,0.0,pass
orders,4314abc0-cdf9-4ce4-b881-96ec271dcbe7,R4,unknown_customer,row,5000,0,0.0,pass
orders,97dbaaa1-0a28-4043-9c4a-10c9c4f87c50,R5,order_ts_out_of_range,row,5000,0,0.0,pass
orders,eef8291e-cde7-4430-80f7-cedfb1c9ae5b,R1,null_key,row,5000,0,0.0,pass
orders,9bff2e2c-1aca-4240-8c3f-09833b021f58,R2,duplicate_order_id,row,5000,0,0.0,pass
orders,253dde3d-f275-4b56-ba7f-16abaa86d261,R3,quantity_not_numeric,row,0,0,,pass
orders,1b1abf1a-0b53-497b-ae70-c8b50e7f78f7,R4,unknown_customer,row,5000,220,0.044,fail
orders,65b7e08d-abb6-4d5b-be9b-5dc12dca589e,R5,order_ts_out_of_range,row,5000,0,0.0,pass
orders,6ebde4f8-4498-4e16-8341-445f58a23289,R1,null_key,row,5000,0,0.0,pass
orders,0c549564-0320-4e7e-9618-05a4b93654a9,R2,duplicate_order_id,row,5000,0,0.0,pass
orders,c1c8b916-1879-4b00-9507-52c49338d0c4,R3,quantity_not_numeric,row,5000,0,0.0,pass
orders,3400d3a8-6a89-4402-b42d-59e432c7efff,R4,unknown_customer,row,5000,0,0.0,pass
orders,5f7966ad-9c01-4dc2-b9f4-1222a405e0db,R5,order_ts_out_of_range,row,5000,0,0.0,pass
orders,d4d18668-103b-4366-8f27-4b8a9584d213,R1,null_key,row,5000,0,0.0,pass
orders,4c94f7bc-3fd4-44dd-8c38-18ad419a19c4,R2,duplicate_order_id,row,5000,0,0.0,pass
orders,d4c6e836-680f-49dd-b283-df1690653a1b,R3,quantity_not_numeric,row,5000,0,0.0,pass
orders,720d583a-828e-4c15-b18b-0a8b5b92c599,R4,unknown_customer,row,5000,0,0.0,pass
orders,4314abc0-cdf9-4ce4-b881-96ec271dcbe7,R5,order_ts_out_of_range,row,5000,0,0.0,pass
orders,97dbaaa1-0a28-4043-9c4a-10c9c4f87c50,R1,null_key,row,5000,0,0.0,pass
orders,eef8291e-cde7-4430-80f7-cedfb1c9ae5b,R2,duplicate_order_id,row,5000,150,0.03,fail
orders,9bff2e2c-1aca-4240-8c3f-09833b021f58,R3,quantity_not_numeric,row,5000,0,0.0,pass
orders,253dde3d-f275-4b56-ba7f-16abaa86d261,R4,unknown_customer,row,0,0,,pass
orders,1b1abf1a-0b53-497b-ae70-c8b50e7f78f7,R5,order_ts_out_of_range,row,5000,90,0.018,fail
customers,bb58ec69-9195-4495-9888-5ea92e503d6a,R1,null_key,row,300,0,0.0,pass
customers,71f32040-b6bd-4c18-8c3e-292777298317,R1,null_key,row,300,0,0.0,pass
customers,9be6f323-4b8b-4c17-a7dd-5224490d628a,R1,null_key,row,300,0,0.0,pass
customers,e0001480-2b6f-4f3a-90be-6333b4e9df83,R1,null_key,row,300,0,0.0,pass
customers,774249d4-af3a-4f1c-879b-69d4da1e6c66,R1,null_key,row,300,0,0.0,pass
customers,7a07de69-a5a6-4a24-b8a3-fd35d638a571,R1,null_key,row,300,0,0.0,pass
customers,eef202d7-fadb-49ae-a8a6-2c294cfd8793,R1,null_key,row,300,0,0.0,pass
customers,16c2e092-dc02-4578-8966-5ff2d570d1e5,R1,null_key,row,300,0,0.0,pass
customers,f97370d5-633d-46ce-915d-a1b9c0fdfcc9,R1,null_key,row,300,0,0.0,pass
customers,fc77c386-b134-428f-86f7-b28a6c8b58eb,R1,null_key,row,300,0,0.0,pass
orders,65b7e08d-abb6-4d5b-be9b-5dc12dca589e,R6,column_contract,file,1,0,0.0,pass
orders,6ebde4f8-4498-4e16-8341-445f58a23289,R6,column_contract,file,1,0,0.0,pass
orders,0c549564-0320-4e7e-9618-05a4b93654a9,R6,column_contract,file,1,0,0.0,pass
orders,c1c8b916-1879-4b00-9507-52c49338d0c4,R6,column_contract,file,1,0,0.0,pass
orders,3400d3a8-6a89-4402-b42d-59e432c7efff,R6,column_contract,file,1,0,0.0,pass
orders,5f7966ad-9c01-4dc2-b9f4-1222a405e0db,R6,column_contract,file,1,0,0.0,pass
orders,d4d18668-103b-4366-8f27-4b8a9584d213,R6,column_contract,file,1,0,0.0,pass
orders,4c94f7bc-3fd4-44dd-8c38-18ad419a19c4,R6,column_contract,file,1,0,0.0,pass
orders,d4c6e836-680f-49dd-b283-df1690653a1b,R6,column_contract,file,1,0,0.0,pass
orders,720d583a-828e-4c15-b18b-0a8b5b92c599,R6,column_contract,file,1,0,0.0,pass
orders,4314abc0-cdf9-4ce4-b881-96ec271dcbe7,R6,column_contract,file,1,0,0.0,pass
orders,97dbaaa1-0a28-4043-9c4a-10c9c4f87c50,R6,column_contract,file,1,0,0.0,pass
orders,eef8291e-cde7-4430-80f7-cedfb1c9ae5b,R6,column_contract,file,1,0,0.0,pass
orders,9bff2e2c-1aca-4240-8c3f-09833b021f58,R6,column_contract,file,1,1,1.0,fail
orders,253dde3d-f275-4b56-ba7f-16abaa86d261,R6,column_contract,file,1,0,0.0,pass
orders,1b1abf1a-0b53-497b-ae70-c8b50e7f78f7,R6,column_contract,file,1,0,0.0,pass
customers,16c2e092-dc02-4578-8966-5ff2d570d1e5,R7,row_count_vs_median,file,1,0,0.0,pass
customers,7a07de69-a5a6-4a24-b8a3-fd35d638a571,R7,row_count_vs_median,file,1,0,0.0,pass
customers,e0001480-2b6f-4f3a-90be-6333b4e9df83,R7,row_count_vs_median,file,1,0,0.0,pass
customers,bb58ec69-9195-4495-9888-5ea92e503d6a,R7,row_count_vs_median,file,1,0,0.0,pass
customers,eef202d7-fadb-49ae-a8a6-2c294cfd8793,R7,row_count_vs_median,file,1,0,0.0,pass
customers,fc77c386-b134-428f-86f7-b28a6c8b58eb,R7,row_count_vs_median,file,1,0,0.0,pass
customers,71f32040-b6bd-4c18-8c3e-292777298317,R7,row_count_vs_median,file,1,0,0.0,pass
customers,f97370d5-633d-46ce-915d-a1b9c0fdfcc9,R7,row_count_vs_median,file,1,0,0.0,pass
customers,774249d4-af3a-4f1c-879b-69d4da1e6c66,R7,row_count_vs_median,file,1,0,0.0,pass
customers,9be6f323-4b8b-4c17-a7dd-5224490d628a,R7,row_count_vs_median,file,1,0,0.0,pass
orders,65b7e08d-abb6-4d5b-be9b-5dc12dca589e,R7,row_count_vs_median,file,1,0,0.0,pass
orders,6ebde4f8-4498-4e16-8341-445f58a23289,R7,row_count_vs_median,file,1,0,0.0,pass
orders,0c549564-0320-4e7e-9618-05a4b93654a9,R7,row_count_vs_median,file,1,0,0.0,pass
orders,c1c8b916-1879-4b00-9507-52c49338d0c4,R7,row_count_vs_median,file,1,0,0.0,pass
orders,3400d3a8-6a89-4402-b42d-59e432c7efff,R7,row_count_vs_median,file,1,0,0.0,pass
orders,5f7966ad-9c01-4dc2-b9f4-1222a405e0db,R7,row_count_vs_median,file,1,0,0.0,pass
orders,d4d18668-103b-4366-8f27-4b8a9584d213,R7,row_count_vs_median,file,1,0,0.0,pass
orders,4c94f7bc-3fd4-44dd-8c38-18ad419a19c4,R7,row_count_vs_median,file,1,0,0.0,pass
orders,d4c6e836-680f-49dd-b283-df1690653a1b,R7,row_count_vs_median,file,1,0,0.0,pass
orders,720d583a-828e-4c15-b18b-0a8b5b92c599,R7,row_count_vs_median,file,1,0,0.0,pass
orders,4314abc0-cdf9-4ce4-b881-96ec271dcbe7,R7,row_count_vs_median,file,1,0,0.0,pass
orders,97dbaaa1-0a28-4043-9c4a-10c9c4f87c50,R7,row_count_vs_median,file,1,0,0.0,pass
orders,eef8291e-cde7-4430-80f7-cedfb1c9ae5b,R7,row_count_vs_median,file,1,0,0.0,pass
orders,9bff2e2c-1aca-4240-8c3f-09833b021f58,R7,row_count_vs_median,file,1,0,0.0,pass
orders,253dde3d-f275-4b56-ba7f-16abaa86d261,R7,row_count_vs_median,file,1,1,1.0,fail
orders,1b1abf1a-0b53-497b-ae70-c8b50e7f78f7,R7,row_count_vs_median,file,1,0,0.0,pass
